<?xml version="1.0" encoding="UTF-8"?>
<!DOCTYPE hibernate-configuration PUBLIC
        "-//Hibernate/Hibernate Configuration DTD 3.0//EN"
        "http://www.hibernate.org/dtd/hibernate-configuration-3.0.dtd">
<hibernate-configuration>
	<session-factory>
		<!-- Database connection settings -->
		<property name="connection.driver_class">com.mysql.jdbc.Driver</property>
		<property name="connection.url">jdbc:mysql://localhost:3306/hibernate</property>
		<property name="connection.username">root</property>
		<property name="connection.password">root</property>

		<!-- JDBC connection pool (use the built-in) -->
		<property name="connection.pool_size">10</property>
		<!-- SQL dialect -->
		<property name="dialect">org.hibernate.dialect.MySQL5Dialect</property>
		<!-- Second level cache -->
		<property name="hibernate.cache.use_second_level_cache">true</property>
		<property name="hibernate.cache.use_query_cache">true</property>
		<property name="hibernate.cache.region.factory_class">net.sf.ehcache.hibernate.EhCacheRegionFactory</property>
		<!-- Echo all executed SQL to stdout -->
		<property name="show_sql">true</property>
		<!-- Drop and re-create the database schema on startup -->
		<property name="hbm2ddl.auto">update</property>

		<mapping class="com.hibernate.practice.model.Employee" />
		<mapping class="com.hibernate.practice.model.Employee2" />
		<mapping class="com.hibernate.practice.model.Eaddress" />
		<mapping class="com.hibernate.practice.model.Edetail" />
		<mapping class="com.hibernate.practice.model.Student" />
		<mapping class="com.hibernate.practice.model.MarksDetails" />
		<mapping class="com.hibernate.practice.model.Author" />
		<mapping class="com.hibernate.practice.model.Book" />
	</session-factory>
</hibernate-configuration>